Country,Region,UN_Region,Influenza2005,Influenza2006,Influenza2007,Influenza2008,Influenza2009,Influenza2010,Influenza2011,Influenza2012,Influenza2013,Influenza2014,Influenza2015,Influenza2016,Influenza2017,Influenza2018,Influenza2019
Afghanistan,Southern Asia,Central and Southern Asia,0.0,0.0,0.0,0.0,283.0,26.0,5.0,2.0,0.0,0.0,13.0,257.0,108.0,187.0,278.0
Albania,Southern Europe,Europe and Northern America,0.0,0.0,0.0,0.0,0.0,10.0,133.0,122.0,97.0,157.0,67.0,314.0,136.0,350.0,527.0
Algeria,Northern Africa,Northern Africa and Western Asia,0.0,0.0,0.0,0.0,662.0,301.0,432.0,203.0,313.0,178.0,368.0,248.0,134.0,310.0,33.0
Angola,Middle Africa,Sub_Saharan Arica,0.0,0.0,0.0,0.0,0.0,40.0,7.0,0.0,0.0,0.0,0.0,0.0,0.0,0.0,0.0
Anguilla,Caribbean,Latin America and The Caribbean,0.0,0.0,0.0,0.0,0.0,0.0,0.0,0.0,0.0,0.0,0.0,0.0,1.0,1.0,2.0
Antigua and Barbuda,Caribbean,Latin America and The Caribbean,0.0,0.0,0.0,0.0,0.0,0.0,0.0,0.0,0.0,0.0,0.0,0.0,0.0,1.0,0.0
Argentina,South America,Latin America and The Caribbean,844.0,684.0,973.0,781.0,10993.0,2115.0,2166.0,3039.0,6847.0,2350.0,2289.0,7057.0,6566.0,4615.0,6477.0
Armenia,Western Asia,Northern Africa and Western Asia,0.0,0.0,0.0,0.0,0.0,6.0,37.0,1.0,47.0,28.0,107.0,723.0,197.0,322.0,399.0
Aruba,Caribbean,Latin America and The Caribbean,0.0,0.0,0.0,0.0,0.0,0.0,0.0,0.0,0.0,0.0,0.0,0.0,52.0,62.0,166.0
Australia,Australia New Zealand,Oceania,712.0,259.0,1355.0,768.0,5107.0,1252.0,2040.0,4798.0,2002.0,3473.0,3622.0,6705.0,10509.0,4264.0,14002.0
Austria,Western Europe,Europe and Northern America,0.0,0.0,0.0,0.0,0.0,18.0,916.0,806.0,2748.0,1281.0,2519.0,2260.0,2071.0,5143.0,4097.0
Azerbaijan,Western Asia,Northern Africa and Western Asia,0.0,0.0,0.0,0.0,0.0,0.0,0.0,3.0,44.0,72.0,0.0,397.0,41.0,67.0,170.0
Bahamas,Caribbean,Latin America and The Caribbean,0.0,0.0,0.0,0.0,0.0,0.0,0.0,0.0,0.0,0.0,0.0,0.0,0.0,5.0,1.0
Bahrain,Western Asia,Northern Africa and Western Asia,0.0,0.0,0.0,0.0,0.0,0.0,23.0,69.0,98.0,120.0,663.0,135.0,89.0,202.0,197.0
Bangladesh,Southern Asia,Central and Southern Asia,0.0,0.0,0.0,0.0,0.0,558.0,465.0,611.0,543.0,588.0,719.0,907.0,1191.0,673.0,1783.0
Barbados,Caribbean,Latin America and The Caribbean,0.0,0.0,0.0,0.0,0.0,0.0,0.0,0.0,0.0,0.0,67.0,61.0,13.0,27.0,42.0
Belarus,Eastern Europe,Europe and Northern America,21.0,0.0,37.0,83.0,237.0,20.0,1211.0,81.0,459.0,119.0,543.0,1642.0,771.0,428.0,723.0
Belgium,Western Europe,Europe and Northern America,799.0,0.0,51.0,821.0,2259.0,218.0,539.0,563.0,773.0,288.0,503.0,362.0,299.0,343.0,287.0
Belize,Central America,Latin America and The Caribbean,0.0,0.0,0.0,0.0,0.0,0.0,0.0,0.0,0.0,0.0,0.0,0.0,11.0,49.0,40.0
Bermuda,Northern America,Europe and Northern America,0.0,0.0,0.0,0.0,0.0,0.0,0.0,0.0,0.0,0.0,0.0,0.0,7.0,3.0,12.0
Bhutan,Southern Asia,Central and Southern Asia,0.0,0.0,0.0,0.0,0.0,0.0,54.0,258.0,82.0,335.0,256.0,299.0,444.0,364.0,679.0
Bolivia (Plurinational State of),South America,Latin America and The Caribbean,0.0,0.0,0.0,0.0,0.0,471.0,1754.0,1662.0,1085.0,936.0,259.0,1290.0,873.0,2068.0,430.0
Bosnia and Herzegovina,Southern Europe,Europe and Northern America,0.0,0.0,0.0,0.0,0.0,0.0,571.0,34.0,113.0,75.0,0.0,4.0,0.0,0.0,0.0
Brazil,South America,Latin America and The Caribbean,94.0,239.0,80.0,326.0,2106.0,1075.0,1005.0,1593.0,4857.0,1744.0,1075.0,5583.0,6006.0,7012.0,3459.0
Bulgaria,Eastern Europe,Europe and Northern America,26.0,6.0,45.0,21.0,818.0,7.0,141.0,246.0,337.0,395.0,228.0,382.0,233.0,477.0,544.0
Burkina Faso,Western Africa,Sub_Saharan Arica,0.0,0.0,0.0,0.0,0.0,0.0,30.0,44.0,103.0,105.0,3.0,52.0,55.0,236.0,107.0
Cambodia,South Eastern Asia,Eastern and South Eastern Asia,0.0,30.0,95.0,208.0,872.0,1105.0,1257.0,337.0,276.0,197.0,268.0,411.0,226.0,234.0,311.0
Cameroon,Middle Africa,Sub_Saharan Arica,0.0,0.0,9.0,73.0,87.0,476.0,499.0,414.0,472.0,378.0,520.0,138.0,447.0,319.0,287.0
Canada,Northern America,Europe and Northern America,0.0,645.0,7302.0,11979.0,61503.0,3978.0,16296.0,17410.0,25239.0,37731.0,34241.0,44755.0,44404.0,66482.0,43196.0
Cayman Islands,Caribbean,Latin America and The Caribbean,0.0,0.0,0.0,0.0,0.0,0.0,0.0,0.0,0.0,0.0,0.0,0.0,2.0,5.0,0.0
Central African Republic,Middle Africa,Sub_Saharan Arica,0.0,0.0,0.0,0.0,0.0,13.0,2.0,50.0,179.0,4.0,2.0,201.0,109.0,177.0,86.0
Chad,Middle Africa,Sub_Saharan Arica,0.0,0.0,0.0,0.0,0.0,0.0,0.0,0.0,0.0,0.0,0.0,0.0,0.0,26.0,13.0
Chile,South America,Latin America and The Caribbean,914.0,705.0,799.0,688.0,3932.0,2948.0,1155.0,2083.0,2600.0,1882.0,2248.0,3727.0,4220.0,4192.0,7371.0
China,Eastern Asia,Eastern and South Eastern Asia,8239.0,7059.0,9924.0,8021.0,103940.0,44166.0,21515.0,44371.0,33004.0,71665.0,70222.0,87677.0,99072.0,80297.0,122757.0
Colombia,South America,Latin America and The Caribbean,76.0,49.0,23.0,8.0,2580.0,786.0,617.0,667.0,900.0,650.0,505.0,695.0,808.0,1425.0,1316.0
Congo,Middle Africa,Sub_Saharan Arica,0.0,0.0,0.0,0.0,0.0,0.0,0.0,0.0,28.0,0.0,0.0,0.0,0.0,0.0,0.0
Costa Rica,Central America,Latin America and The Caribbean,3.0,26.0,20.0,32.0,130.0,1357.0,190.0,447.0,550.0,518.0,265.0,459.0,591.0,170.0,505.0
Croatia,Southern Europe,Europe and Northern America,0.0,17.0,86.0,152.0,1707.0,217.0,1598.0,729.0,1291.0,693.0,1219.0,1856.0,1796.0,2597.0,4823.0
Cuba,Caribbean,Latin America and The Caribbean,0.0,0.0,0.0,0.0,1459.0,1301.0,357.0,386.0,963.0,283.0,605.0,337.0,145.0,238.0,463.0
Cyprus,Western Asia,Northern Africa and Western Asia,0.0,0.0,0.0,0.0,0.0,0.0,0.0,0.0,0.0,0.0,0.0,108.0,151.0,150.0,628.0
Czechia,Eastern Europe,Europe and Northern America,46.0,161.0,262.0,187.0,990.0,72.0,427.0,249.0,1030.0,56.0,725.0,486.0,368.0,575.0,276.0
CÃ´te d'Ivoire,Western Africa,Sub_Saharan Arica,0.0,0.0,0.0,0.0,344.0,214.0,417.0,261.0,351.0,212.0,287.0,360.0,337.0,262.0,458.0
Dem. People's Republic of Korea,Eastern Asia,Eastern and South Eastern Asia,0.0,0.0,0.0,0.0,0.0,0.0,0.0,0.0,0.0,0.0,0.0,0.0,106.0,474.0,271.0
Democratic Republic of the Congo,Middle Africa,Sub_Saharan Arica,0.0,0.0,0.0,0.0,0.0,251.0,197.0,114.0,237.0,235.0,213.0,98.0,76.0,56.0,53.0
Denmark,Northern Europe,Europe and Northern America,107.0,137.0,154.0,133.0,2732.0,112.0,856.0,581.0,3093.0,1209.0,5291.0,5615.0,4644.0,17120.0,11835.0
Dominica,Caribbean,Latin America and The Caribbean,0.0,0.0,0.0,0.0,0.0,0.0,0.0,0.0,0.0,0.0,17.0,0.0,0.0,14.0,4.0
Dominican Republic,Caribbean,Latin America and The Caribbean,2.0,2.0,0.0,24.0,0.0,76.0,187.0,119.0,231.0,35.0,54.0,917.0,63.0,203.0,90.0
Ecuador,South America,Latin America and The Caribbean,0.0,0.0,42.0,0.0,1478.0,459.0,777.0,410.0,1264.0,210.0,133.0,954.0,505.0,778.0,615.0
Egypt,Northern Africa,Northern Africa and Western Asia,99.0,149.0,105.0,94.0,8090.0,3028.0,1314.0,690.0,896.0,2630.0,1751.0,1798.0,582.0,2072.0,2339.0
El Salvador,Central America,Latin America and The Caribbean,0.0,22.0,0.0,24.0,851.0,326.0,199.0,413.0,229.0,77.0,87.0,241.0,288.0,196.0,244.0
Estonia,Northern Europe,Europe and Northern America,0.0,0.0,0.0,166.0,1426.0,181.0,947.0,445.0,687.0,404.0,787.0,1161.0,1149.0,2719.0,2233.0
Ethiopia,Eastern Africa,Sub_Saharan Arica,0.0,0.0,0.0,0.0,0.0,37.0,10.0,208.0,282.0,61.0,0.0,188.0,117.0,203.0,214.0
Fiji,Melanesia,Oceania,0.0,0.0,0.0,0.0,254.0,50.0,29.0,15.0,16.0,36.0,111.0,123.0,108.0,102.0,185.0
Finland,Northern Europe,Europe and Northern America,163.0,170.0,142.0,259.0,635.0,122.0,328.0,242.0,262.0,122.0,168.0,235.0,138.0,268.0,196.0
France,Western Europe,Europe and Northern America,1436.0,800.0,1082.0,1860.0,27033.0,2003.0,6649.0,7762.0,21288.0,11852.0,29021.0,26721.0,15657.0,21610.0,25405.0
French Guiana,South America,Latin America and The Caribbean,16.0,0.0,0.0,34.0,386.0,111.0,31.0,219.0,205.0,140.0,154.0,91.0,77.0,234.0,224.0
Georgia,Western Asia,Northern Africa and Western Asia,0.0,0.0,0.0,0.0,983.0,168.0,885.0,177.0,252.0,133.0,138.0,358.0,78.0,111.0,189.0
Germany,Western Europe,Europe and Northern America,1164.0,650.0,1319.0,656.0,3367.0,189.0,1771.0,716.0,1799.0,418.0,1770.0,1510.0,1478.0,2334.0,1215.0
Ghana,Western Africa,Sub_Saharan Arica,0.0,0.0,0.0,61.0,410.0,1171.0,396.0,535.0,248.0,292.0,416.0,711.0,469.0,742.0,1172.0
Greece,Southern Europe,Europe and Northern America,236.0,131.0,290.0,222.0,7883.0,1089.0,5394.0,470.0,458.0,946.0,1144.0,1765.0,756.0,434.0,822.0
Guadeloupe,Caribbean,Latin America and The Caribbean,0.0,0.0,0.0,29.0,325.0,76.0,47.0,69.0,49.0,95.0,89.0,87.0,27.0,37.0,151.0
Guatemala,Central America,Latin America and The Caribbean,0.0,0.0,0.0,0.0,149.0,91.0,119.0,420.0,212.0,109.0,87.0,210.0,228.0,322.0,313.0
Guinea,Western Africa,Sub_Saharan Arica,0.0,0.0,0.0,0.0,0.0,0.0,0.0,0.0,0.0,0.0,0.0,0.0,0.0,63.0,135.0
Guyana,South America,Latin America and The Caribbean,0.0,0.0,0.0,0.0,0.0,0.0,0.0,0.0,0.0,0.0,0.0,0.0,0.0,0.0,0.0
Haiti,Caribbean,Latin America and The Caribbean,0.0,0.0,0.0,0.0,0.0,0.0,0.0,0.0,0.0,0.0,22.0,50.0,111.0,340.0,358.0
Honduras,Central America,Latin America and The Caribbean,0.0,0.0,5.0,13.0,1067.0,460.0,206.0,139.0,245.0,183.0,41.0,128.0,62.0,322.0,275.0
Hungary,Eastern Europe,Europe and Northern America,0.0,0.0,0.0,0.0,1773.0,159.0,612.0,509.0,262.0,145.0,726.0,512.0,903.0,622.0,555.0
Iceland,Northern Europe,Europe and Northern America,110.0,76.0,52.0,83.0,0.0,5.0,151.0,126.0,240.0,148.0,288.0,361.0,654.0,598.0,388.0
India,Southern Asia,Central and Southern Asia,0.0,0.0,0.0,103.0,5032.0,5422.0,1354.0,3023.0,1930.0,900.0,5774.0,115.0,2587.0,1880.0,10422.0
Indonesia,South Eastern Asia,Eastern and South Eastern Asia,390.0,0.0,0.0,0.0,0.0,754.0,555.0,878.0,1285.0,983.0,1023.0,1301.0,1045.0,710.0,496.0
Iran (Islamic Republic of),Southern Asia,Central and Southern Asia,22.0,77.0,112.0,73.0,4698.0,567.0,2002.0,593.0,415.0,659.0,3448.0,1506.0,628.0,1430.0,7387.0
Iraq,Western Asia,Northern Africa and Western Asia,0.0,0.0,0.0,0.0,1715.0,9.0,322.0,8.0,822.0,6.0,447.0,232.0,40.0,293.0,400.0
Ireland,Northern Europe,Europe and Northern America,124.0,0.0,0.0,0.0,4450.0,661.0,1450.0,682.0,1451.0,1587.0,2090.0,2868.0,1779.0,4984.0,4201.0
Israel,Western Asia,Northern Africa and Western Asia,206.0,220.0,206.0,293.0,7515.0,537.0,1193.0,562.0,1376.0,1067.0,1100.0,1861.0,1145.0,1602.0,1796.0
Italy,Southern Europe,Europe and Northern America,878.0,165.0,347.0,210.0,10249.0,305.0,2856.0,1243.0,1589.0,808.0,3618.0,3231.0,2796.0,4382.0,6361.0
Jamaica,Caribbean,Latin America and The Caribbean,0.0,0.0,0.0,18.0,287.0,82.0,48.0,108.0,62.0,24.0,42.0,161.0,68.0,180.0,479.0
Japan,Eastern Asia,Eastern and South Eastern Asia,6556.0,4631.0,6304.0,4386.0,35376.0,6032.0,10552.0,7168.0,6556.0,9556.0,4499.0,9174.0,10096.0,8862.0,9525.0
Jordan,Western Asia,Northern Africa and Western Asia,0.0,0.0,0.0,0.0,0.0,82.0,160.0,64.0,254.0,87.0,634.0,468.0,252.0,273.0,366.0
Kazakhstan,Central Asia,Central and Southern Asia,0.0,0.0,0.0,19.0,167.0,11.0,118.0,378.0,623.0,612.0,645.0,1294.0,829.0,441.0,525.0
Kenya,Eastern Africa,Sub_Saharan Arica,0.0,56.0,959.0,1271.0,2461.0,947.0,1191.0,448.0,303.0,210.0,0.0,65.0,25.0,216.0,220.0
Kuwait,Western Asia,Northern Africa and Western Asia,0.0,0.0,0.0,0.0,0.0,0.0,0.0,0.0,0.0,0.0,0.0,0.0,4379.0,1931.0,6601.0
Kyrgyzstan,Central Asia,Central and Southern Asia,0.0,0.0,0.0,124.0,253.0,7.0,83.0,42.0,46.0,0.0,103.0,515.0,54.0,237.0,235.0
Lao People's Democratic Republic,South Eastern Asia,Eastern and South Eastern Asia,0.0,0.0,0.0,0.0,0.0,39.0,235.0,279.0,232.0,408.0,632.0,642.0,788.0,661.0,590.0
Latvia,Northern Europe,Europe and Northern America,357.0,400.0,770.0,423.0,1658.0,230.0,2390.0,1370.0,2895.0,375.0,1907.0,2762.0,3121.0,2785.0,1834.0
Lebanon,Western Asia,Northern Africa and Western Asia,0.0,0.0,0.0,0.0,0.0,0.0,0.0,0.0,0.0,0.0,203.0,190.0,96.0,123.0,262.0
Lithuania,Northern Europe,Europe and Northern America,0.0,0.0,0.0,0.0,774.0,26.0,607.0,95.0,748.0,159.0,490.0,943.0,738.0,1007.0,1737.0
Luxembourg,Western Europe,Europe and Northern America,0.0,50.0,232.0,477.0,1268.0,56.0,633.0,284.0,366.0,139.0,486.0,476.0,166.0,1038.0,357.0
Madagascar,Eastern Africa,Sub_Saharan Arica,170.0,222.0,186.0,97.0,1004.0,336.0,543.0,527.0,526.0,717.0,494.0,440.0,368.0,298.0,451.0
Malaysia,South Eastern Asia,Eastern and South Eastern Asia,3.0,130.0,247.0,214.0,808.0,329.0,64.0,39.0,41.0,64.0,60.0,218.0,662.0,493.0,1115.0
Maldives,Southern Asia,Central and Southern Asia,0.0,0.0,0.0,0.0,0.0,0.0,0.0,0.0,0.0,0.0,37.0,34.0,436.0,400.0,174.0
Mali,Western Africa,Sub_Saharan Arica,0.0,0.0,0.0,0.0,0.0,149.0,104.0,51.0,77.0,0.0,0.0,107.0,165.0,144.0,235.0
Malta,Southern Europe,Europe and Northern America,0.0,0.0,0.0,0.0,37.0,43.0,79.0,64.0,298.0,54.0,87.0,541.0,505.0,880.0,838.0
Martinique,Caribbean,Latin America and The Caribbean,0.0,0.0,1.0,10.0,83.0,44.0,42.0,22.0,67.0,31.0,184.0,264.0,56.0,170.0,253.0
Mauritania,Western Africa,Sub_Saharan Arica,0.0,0.0,0.0,0.0,0.0,0.0,0.0,0.0,0.0,0.0,0.0,36.0,10.0,27.0,51.0
Mauritius,Eastern Africa,Sub_Saharan Arica,0.0,0.0,0.0,0.0,0.0,167.0,50.0,54.0,158.0,86.0,2.0,143.0,95.0,102.0,570.0
Mexico,Central America,Latin America and The Caribbean,297.0,97.0,389.0,133.0,81701.0,7252.0,1020.0,5908.0,3550.0,7533.0,1834.0,9399.0,6346.0,5667.0,6963.0
Mongolia,Eastern Asia,Eastern and South Eastern Asia,149.0,73.0,471.0,151.0,1628.0,864.0,176.0,505.0,410.0,672.0,477.0,433.0,533.0,304.0,909.0
Montenegro,Southern Europe,Europe and Northern America,0.0,0.0,0.0,0.0,0.0,0.0,0.0,0.0,0.0,0.0,0.0,312.0,4.0,266.0,508.0
Morocco,Northern Africa,Northern Africa and Western Asia,69.0,81.0,12.0,35.0,1794.0,263.0,358.0,194.0,93.0,86.0,126.0,412.0,240.0,242.0,913.0
Mozambique,Eastern Africa,Sub_Saharan Arica,0.0,0.0,0.0,0.0,0.0,0.0,0.0,0.0,17.0,17.0,46.0,32.0,78.0,66.0,91.0
Myanmar,South Eastern Asia,Eastern and South Eastern Asia,0.0,0.0,0.0,0.0,0.0,0.0,0.0,0.0,0.0,0.0,0.0,400.0,431.0,103.0,806.0
Nepal,Southern Asia,Central and Southern Asia,0.0,0.0,0.0,0.0,0.0,0.0,49.0,1047.0,641.0,1175.0,1202.0,1646.0,2152.0,957.0,2569.0
Netherlands,Western Europe,Europe and Northern America,0.0,0.0,0.0,50.0,3454.0,148.0,933.0,716.0,2536.0,705.0,2997.0,3831.0,3428.0,2836.0,5166.0
New Caledonia,Melanesia,Oceania,34.0,79.0,104.0,44.0,495.0,73.0,87.0,141.0,73.0,272.0,178.0,302.0,204.0,291.0,541.0
New Zealand,Australia New Zealand,Oceania,269.0,285.0,207.0,548.0,1542.0,326.0,1218.0,2261.0,2185.0,3418.0,5102.0,294.0,945.0,475.0,957.0
Nicaragua,Central America,Latin America and The Caribbean,0.0,0.0,0.0,0.0,0.0,585.0,859.0,473.0,939.0,989.0,362.0,267.0,762.0,1320.0,1419.0
Niger,Western Africa,Sub_Saharan Arica,0.0,0.0,0.0,0.0,20.0,68.0,50.0,32.0,38.0,40.0,47.0,114.0,117.0,83.0,144.0
Nigeria,Western Africa,Sub_Saharan Arica,0.0,0.0,0.0,0.0,0.0,194.0,251.0,161.0,188.0,95.0,115.0,71.0,4.0,77.0,89.0
North Macedonia,Southern Europe,Europe and Northern America,0.0,0.0,0.0,0.0,15.0,0.0,0.0,0.0,0.0,6.0,2.0,47.0,25.0,270.0,432.0
Norway,Northern Europe,Europe and Northern America,569.0,1372.0,1288.0,1268.0,11422.0,687.0,4195.0,7221.0,12208.0,6011.0,17087.0,20501.0,16479.0,32966.0,22282.0
Oman,Western Asia,Northern Africa and Western Asia,0.0,0.0,0.0,69.0,18.0,658.0,613.0,283.0,185.0,1003.0,1560.0,1069.0,3024.0,1388.0,1376.0
Pakistan,Southern Asia,Central and Southern Asia,0.0,0.0,0.0,64.0,366.0,386.0,968.0,251.0,196.0,216.0,143.0,406.0,123.0,730.0,1002.0
Panama,Central America,Latin America and The Caribbean,0.0,0.0,71.0,108.0,34.0,207.0,44.0,205.0,188.0,140.0,96.0,810.0,262.0,202.0,382.0
Papua New Guinea,Melanesia,Oceania,0.0,0.0,0.0,0.0,0.0,0.0,0.0,0.0,0.0,0.0,48.0,144.0,27.0,24.0,19.0
Paraguay,South America,Latin America and The Caribbean,83.0,0.0,0.0,18.0,879.0,688.0,311.0,705.0,1270.0,618.0,961.0,1178.0,948.0,932.0,1498.0
Peru,South America,Latin America and The Caribbean,394.0,131.0,84.0,207.0,104.0,1548.0,349.0,353.0,1848.0,566.0,391.0,914.0,241.0,1061.0,349.0
Philippines,South Eastern Asia,Eastern and South Eastern Asia,142.0,557.0,536.0,807.0,7706.0,1724.0,894.0,650.0,975.0,522.0,164.0,259.0,268.0,216.0,346.0
Poland,Eastern Europe,Europe and Northern America,44.0,35.0,17.0,50.0,2012.0,172.0,1690.0,109.0,1706.0,237.0,501.0,3204.0,1543.0,2377.0,1786.0
Portugal,Southern Europe,Europe and Northern America,417.0,157.0,306.0,365.0,1700.0,300.0,138.0,197.0,1099.0,1303.0,1368.0,3155.0,1286.0,3984.0,6634.0
Qatar,Western Asia,Northern Africa and Western Asia,0.0,0.0,0.0,0.0,0.0,0.0,339.0,605.0,1305.0,3192.0,4773.0,3162.0,7548.0,11450.0,8365.0
Republic of Korea,Eastern Asia,Eastern and South Eastern Asia,1372.0,1323.0,2755.0,6116.0,8369.0,3523.0,1211.0,3550.0,1773.0,2011.0,1626.0,1752.0,1304.0,1952.0,1702.0
Republic of Moldova,Eastern Europe,Europe and Northern America,0.0,0.0,0.0,0.0,2060.0,50.0,614.0,47.0,215.0,112.0,231.0,262.0,149.0,181.0,458.0
Romania,Eastern Europe,Europe and Northern America,181.0,78.0,229.0,483.0,4996.0,1068.0,858.0,269.0,1265.0,759.0,1556.0,2023.0,475.0,1369.0,1801.0
Russian Federation,Eastern Europe,Europe and Northern America,296.0,416.0,589.0,1284.0,23948.0,3836.0,29940.0,9333.0,28701.0,11547.0,11338.0,26087.0,14635.0,15314.0,19340.0
Rwanda,Eastern Africa,Sub_Saharan Arica,0.0,0.0,0.0,0.0,0.0,217.0,88.0,93.0,151.0,55.0,31.0,68.0,10.0,25.0,50.0
Saint Kitts and Nevis,Caribbean,Latin America and The Caribbean,0.0,0.0,0.0,0.0,0.0,0.0,0.0,0.0,0.0,0.0,0.0,0.0,0.0,2.0,5.0
Saint Lucia,Caribbean,Latin America and The Caribbean,0.0,0.0,0.0,0.0,0.0,0.0,0.0,0.0,0.0,0.0,0.0,0.0,0.0,13.0,15.0
Saint Vincent and the Grenadines,Caribbean,Latin America and The Caribbean,0.0,0.0,0.0,0.0,0.0,0.0,0.0,0.0,0.0,0.0,3.0,0.0,0.0,12.0,3.0
Saudi Arabia,Western Asia,Northern Africa and Western Asia,0.0,0.0,0.0,0.0,0.0,0.0,0.0,0.0,0.0,0.0,0.0,0.0,700.0,1179.0,2423.0
Senegal,Western Africa,Sub_Saharan Arica,13.0,20.0,38.0,131.0,1827.0,991.0,1163.0,1607.0,463.0,268.0,580.0,62.0,820.0,480.0,483.0
Serbia,Southern Europe,Europe and Northern America,0.0,0.0,48.0,54.0,676.0,78.0,407.0,102.0,274.0,136.0,428.0,825.0,150.0,831.0,1876.0
Seychelles,Eastern Africa,Sub_Saharan Arica,0.0,0.0,0.0,0.0,0.0,0.0,0.0,0.0,0.0,0.0,0.0,0.0,0.0,0.0,9.0
Sierra Leone,Western Africa,Sub_Saharan Arica,0.0,0.0,0.0,0.0,0.0,0.0,60.0,78.0,6.0,3.0,0.0,0.0,17.0,10.0,22.0
Singapore,South Eastern Asia,Eastern and South Eastern Asia,0.0,0.0,326.0,1525.0,6322.0,3499.0,1129.0,982.0,757.0,998.0,778.0,1176.0,998.0,1106.0,1154.0
Slovakia,Eastern Europe,Europe and Northern America,0.0,0.0,0.0,0.0,756.0,55.0,479.0,105.0,547.0,82.0,219.0,302.0,325.0,530.0,530.0
Slovenia,Southern Europe,Europe and Northern America,113.0,122.0,275.0,263.0,2705.0,99.0,1180.0,1050.0,1911.0,1804.0,3812.0,2254.0,3906.0,3020.0,3576.0
South Africa,Southern Africa,Sub_Saharan Arica,579.0,532.0,533.0,449.0,2432.0,1333.0,1512.0,1308.0,1362.0,844.0,871.0,982.0,1210.0,1160.0,1164.0
South Sudan,Eastern Africa,Sub_Saharan Arica,0.0,0.0,0.0,0.0,0.0,0.0,0.0,0.0,0.0,0.0,0.0,0.0,0.0,0.0,35.0
Spain,Southern Europe,Europe and Northern America,63.0,667.0,398.0,916.0,9270.0,1238.0,3887.0,5679.0,4917.0,7134.0,8939.0,12963.0,12766.0,19973.0,17232.0
Sri Lanka,Southern Asia,Central and Southern Asia,0.0,21.0,43.0,28.0,563.0,812.0,568.0,706.0,945.0,244.0,1465.0,458.0,2361.0,947.0,486.0
Sudan,Northern Africa,Northern Africa and Western Asia,0.0,0.0,0.0,0.0,81.0,0.0,0.0,0.0,0.0,0.0,0.0,0.0,0.0,0.0,0.0
Suriname,South America,Latin America and The Caribbean,0.0,0.0,0.0,0.0,0.0,0.0,0.0,0.0,0.0,0.0,19.0,65.0,12.0,22.0,173.0
Sweden,Northern Europe,Europe and Northern America,1810.0,999.0,1337.0,1487.0,13761.0,531.0,3764.0,5496.0,8554.0,2681.0,11740.0,12159.0,11242.0,21407.0,13823.0
Switzerland,Western Europe,Europe and Northern America,293.0,233.0,495.0,348.0,2135.0,252.0,1665.0,435.0,3097.0,1788.0,6226.0,6085.0,9842.0,11918.0,14096.0
Syrian Arab Republic,Western Asia,Northern Africa and Western Asia,0.0,0.0,0.0,0.0,0.0,0.0,2.0,11.0,0.0,0.0,0.0,0.0,0.0,0.0,0.0
Tajikistan,Central Asia,Central and Southern Asia,0.0,0.0,0.0,0.0,0.0,0.0,0.0,0.0,0.0,0.0,0.0,6.0,18.0,46.0,30.0
Thailand,South Eastern Asia,Eastern and South Eastern Asia,512.0,631.0,1016.0,1160.0,947.0,1822.0,904.0,908.0,657.0,932.0,307.0,1042.0,1288.0,784.0,1568.0
Timor-Leste,South Eastern Asia,Eastern and South Eastern Asia,0.0,0.0,0.0,0.0,0.0,0.0,0.0,0.0,0.0,0.0,0.0,0.0,4.0,128.0,244.0
Togo,Western Africa,Sub_Saharan Arica,0.0,0.0,0.0,0.0,0.0,28.0,90.0,119.0,56.0,52.0,131.0,225.0,233.0,254.0,501.0
Trinidad and Tobago,Caribbean,Latin America and The Caribbean,0.0,0.0,0.0,0.0,0.0,0.0,0.0,0.0,0.0,0.0,33.0,0.0,17.0,19.0,270.0
Tunisia,Northern Africa,Northern Africa and Western Asia,65.0,103.0,74.0,106.0,1501.0,139.0,225.0,58.0,388.0,116.0,234.0,457.0,342.0,315.0,211.0
Turkey,Western Asia,Northern Africa and Western Asia,28.0,193.0,66.0,1.0,7638.0,168.0,2936.0,1544.0,2568.0,1488.0,2204.0,8242.0,1569.0,1653.0,1433.0
Turkmenistan,Central Asia,Central and Southern Asia,0.0,0.0,0.0,0.0,0.0,0.0,0.0,0.0,0.0,0.0,0.0,0.0,0.0,0.0,6.0
Turks and Caicos Islands,Caribbean,Latin America and The Caribbean,0.0,0.0,0.0,0.0,0.0,0.0,0.0,0.0,0.0,0.0,0.0,0.0,0.0,0.0,12.0
Uganda,Eastern Africa,Sub_Saharan Arica,0.0,0.0,52.0,12.0,317.0,169.0,368.0,278.0,311.0,371.0,283.0,737.0,404.0,38.0,179.0
Ukraine,Eastern Europe,Europe and Northern America,79.0,23.0,156.0,191.0,1811.0,2146.0,3613.0,1155.0,954.0,1410.0,1785.0,3093.0,659.0,1075.0,682.0
United Kingdom,Northern Europe,Europe and Northern America,967.0,585.0,1070.0,1575.0,3832.0,5556.0,7593.0,4851.0,8566.0,5255.0,6333.0,18511.0,19519.0,44120.0,42432.0
United Republic of Tanzania,Eastern Africa,Sub_Saharan Arica,0.0,0.0,0.0,0.0,668.0,227.0,253.0,168.0,272.0,225.0,124.0,98.0,304.0,330.0,242.0
United States of America,Northern America,Europe and Northern America,24042.0,17587.0,23596.0,41109.0,173882.0,15253.0,47282.0,52079.0,63341.0,88511.0,83112.0,114753.0,214333.0,267611.0,267384.0
Uruguay,South America,Latin America and The Caribbean,117.0,54.0,66.0,80.0,497.0,162.0,357.0,59.0,112.0,52.0,43.0,87.0,197.0,124.0,140.0
Uzbekistan,Central Asia,Central and Southern Asia,0.0,0.0,0.0,0.0,0.0,0.0,0.0,8.0,108.0,77.0,40.0,164.0,8.0,16.0,22.0
Venezuela (Bolivarian Republic of),South America,Latin America and The Caribbean,13.0,52.0,12.0,0.0,0.0,0.0,3226.0,0.0,0.0,124.0,58.0,57.0,65.0,168.0,39.0
Viet Nam,South Eastern Asia,Eastern and South Eastern Asia,0.0,812.0,1073.0,1477.0,1894.0,958.0,1139.0,789.0,935.0,715.0,621.0,434.0,793.0,345.0,355.0
Yemen,Western Asia,Northern Africa and Western Asia,0.0,0.0,0.0,0.0,0.0,0.0,0.0,0.0,0.0,0.0,0.0,0.0,0.0,0.0,239.0
Zambia,Eastern Africa,Sub_Saharan Arica,0.0,0.0,0.0,0.0,0.0,61.0,76.0,137.0,115.0,82.0,163.0,166.0,154.0,391.0,426.0
